UserID,Age,Gender,VRHeadset,Duration,MotionSickness,ImmersionLevel,motion_sickness_norm,duration_hours
1,40,male,htc vive,13.59850822622312,8,5,0.7777777777777778,0.22664180377038531
2,43,female,htc vive,19.950814982037045,2,2,0.1111111111111111,0.33251358303395073
3,27,male,playstation vr,16.543387403445806,4,2,0.3333333333333333,0.27572312339076344
4,33,male,htc vive,42.57408329936264,6,3,0.5555555555555556,0.7095680549893774
5,51,male,playstation vr,22.452646660410768,4,2,0.3333333333333333,0.3742107776735128
6,46,other,oculus rift,28.284971508682087,7,4,0.6666666666666666,0.4714161918113681
7,49,other,oculus rift,52.298300530611705,7,3,0.6666666666666666,0.8716383421768618
8,42,other,oculus rift,22.95941607305977,8,2,0.7777777777777778,0.3826569345509962
9,56,female,playstation vr,16.858710163062334,5,1,0.4444444444444444,0.2809785027177056
10,60,male,oculus rift,34.470606224394096,5,4,0.4444444444444444,0.5745101037399016
11,37,male,oculus rift,43.369076173206025,2,1,0.1111111111111111,0.7228179362201004
12,23,other,playstation vr,25.109776419378324,8,4,0.7777777777777778,0.41849627365630543
13,45,male,playstation vr,58.135515249597866,5,3,0.4444444444444444,0.9689252541599644
14,28,female,playstation vr,25.98475653246694,5,5,0.4444444444444444,0.43307927554111564
15,23,male,htc vive,57.14737170483026,7,4,0.6666666666666666,0.9524561950805044
16,34,female,oculus rift,44.69653881983199,1,3,0.0,0.7449423136638665
17,48,male,playstation vr,22.86465198740359,10,5,1.0,0.38107753312339315
18,54,male,playstation vr,36.80742591920735,4,2,0.3333333333333333,0.6134570986534558
19,35,other,oculus rift,48.29172371093784,10,1,1.0,0.8048620618489639
20,27,other,oculus rift,15.796858663495978,7,2,0.6666666666666666,0.263280977724933
21,25,other,oculus rift,36.50105563997955,10,1,1.0,0.6083509273329925
22,57,male,oculus rift,23.584564309552,4,3,0.3333333333333333,0.3930760718258667
23,38,female,oculus rift,35.34748381756607,4,5,0.3333333333333333,0.5891247302927679
24,60,female,oculus rift,44.650802883781175,10,5,1.0,0.7441800480630196
25,41,other,playstation vr,5.284614604786615,5,5,0.4444444444444444,0.08807691007977692
26,28,female,playstation vr,26.694855666660157,9,1,0.8888888888888888,0.44491426111100263
27,60,other,oculus rift,15.264069296488367,3,3,0.2222222222222222,0.2544011549414728
28,24,male,htc vive,34.09273884345478,7,3,0.6666666666666666,0.5682123140575797
29,30,other,htc vive,57.409610908285664,4,4,0.3333333333333333,0.9568268484714277
30,59,female,oculus rift,11.516564009860105,6,3,0.5555555555555556,0.1919427334976684
31,31,male,oculus rift,32.520598741098595,7,1,0.6666666666666666,0.5420099790183099
32,25,other,htc vive,20.997101664056203,6,3,0.5555555555555556,0.3499516944009367
33,39,female,playstation vr,18.35110287398228,1,5,0.0,0.30585171456637134
34,49,male,playstation vr,28.80686780874029,10,1,1.0,0.4801144634790048
35,23,other,playstation vr,20.103585377837604,3,1,0.2222222222222222,0.3350597562972934
36,53,female,oculus rift,45.49614799594853,10,5,1.0,0.7582691332658089
37,54,other,oculus rift,37.72750377275237,5,3,0.4444444444444444,0.6287917295458728
38,41,male,oculus rift,52.72082314860701,3,4,0.2222222222222222,0.8786803858101169
39,43,female,playstation vr,6.115949163934541,10,3,1.0,0.10193248606557569
40,45,other,playstation vr,39.828380778093,9,2,0.8888888888888888,0.66380634630155
41,30,female,playstation vr,10.312469511647471,9,4,0.8888888888888888,0.17187449186079118
42,33,male,htc vive,40.54652247600933,5,1,0.4444444444444444,0.6757753746001555
43,53,female,htc vive,6.417383142271446,3,2,0.2222222222222222,0.1069563857045241
44,19,other,playstation vr,14.899367933909812,10,1,1.0,0.24832279889849687
45,51,female,playstation vr,58.525514227701095,10,5,1.0,0.9754252371283516
46,41,other,playstation vr,19.296934502467558,6,4,0.5555555555555556,0.321615575041126
47,39,female,htc vive,21.0427613626076,2,4,0.1111111111111111,0.35071268937679334
48,29,female,playstation vr,14.866675032647931,6,4,0.5555555555555556,0.24777791721079886
49,37,female,oculus rift,46.19613981805462,8,5,0.7777777777777778,0.7699356636342436
50,36,female,oculus rift,13.861580093962896,5,1,0.4444444444444444,0.2310263348993816
51,49,female,oculus rift,16.850728486892848,2,4,0.1111111111111111,0.2808454747815475
52,34,other,oculus rift,41.024921730814576,7,3,0.6666666666666666,0.6837486955135763
53,46,other,playstation vr,48.887564989273706,6,2,0.5555555555555556,0.8147927498212284
54,54,male,htc vive,53.91962373315263,5,2,0.4444444444444444,0.8986603955525438
55,38,female,oculus rift,18.42890716490987,7,1,0.6666666666666666,0.30714845274849784
56,45,male,htc vive,49.64095633147983,6,2,0.5555555555555556,0.8273492721913305
57,58,other,playstation vr,43.97174729834192,5,2,0.4444444444444444,0.7328624549723652
58,38,female,oculus rift,51.37879755562164,3,2,0.2222222222222222,0.8563132925936939
59,46,other,htc vive,57.21322866729393,9,1,0.8888888888888888,0.9535538111215656
60,36,other,htc vive,23.895177669622065,7,1,0.6666666666666666,0.39825296116036774
61,50,other,oculus rift,14.665597513548036,8,4,0.7777777777777778,0.2444266252258006
62,44,other,oculus rift,51.69183497363492,4,1,0.3333333333333333,0.8615305828939153
63,56,male,playstation vr,50.04306923551602,6,3,0.5555555555555556,0.8340511539252671
64,47,male,htc vive,50.52823104912159,2,5,0.1111111111111111,0.8421371841520264
65,43,male,playstation vr,17.270449217582556,10,2,1.0,0.2878408202930426
66,54,male,htc vive,42.758467651011976,7,2,0.6666666666666666,0.7126411275168663
67,29,female,playstation vr,13.467847728661791,8,5,0.7777777777777778,0.22446412881102987
68,57,male,playstation vr,5.536129568559261,6,5,0.5555555555555556,0.09226882614265434
69,23,male,htc vive,48.569948303232216,6,4,0.5555555555555556,0.8094991383872036
70,43,male,htc vive,39.56828853000213,9,3,0.8888888888888888,0.6594714755000355
71,55,other,playstation vr,25.26757899480525,1,1,0.0,0.4211263165800875
72,49,female,htc vive,8.11170520004374,4,2,0.3333333333333333,0.1351950866673957
73,60,other,playstation vr,48.85933277286004,5,5,0.4444444444444444,0.8143222128810007
74,35,female,htc vive,50.72528526056071,7,2,0.6666666666666666,0.8454214210093451
75,19,male,playstation vr,41.27046296011498,10,3,1.0,0.6878410493352497
76,42,female,playstation vr,44.96861404693434,6,4,0.5555555555555556,0.749476900782239
77,47,male,playstation vr,27.19291658302162,7,4,0.6666666666666666,0.4532152763836937
78,44,female,oculus rift,53.98785147523447,7,1,0.6666666666666666,0.8997975245872412
79,36,female,playstation vr,32.97738405178237,5,2,0.4444444444444444,0.5496230675297062
80,28,female,playstation vr,51.643972752162696,9,5,0.8888888888888888,0.8607328792027116
81,27,male,htc vive,42.16826560098456,1,4,0.0,0.7028044266830761
82,35,other,playstation vr,44.10541934446075,5,3,0.4444444444444444,0.7350903224076791
83,26,female,playstation vr,28.812585927484125,2,1,0.1111111111111111,0.48020976545806876
84,37,female,playstation vr,57.97592199086118,8,3,0.7777777777777778,0.966265366514353
85,27,other,htc vive,5.008671710631825,7,2,0.6666666666666666,0.08347786184386376
86,45,other,htc vive,14.335874260632306,6,1,0.5555555555555556,0.2389312376772051
87,37,male,oculus rift,55.2234370704365,2,2,0.1111111111111111,0.9203906178406084
88,33,female,playstation vr,50.59485754835504,9,2,0.8888888888888888,0.8432476258059173
89,42,female,playstation vr,36.97239643525675,2,4,0.1111111111111111,0.6162066072542791
90,19,other,htc vive,42.00094508330504,2,5,0.1111111111111111,0.7000157513884173
91,54,other,playstation vr,13.024758899765471,4,4,0.3333333333333333,0.21707931499609118
92,43,female,htc vive,31.43479161465861,1,4,0.0,0.5239131935776435
93,48,other,htc vive,28.114186190232424,10,3,1.0,0.46856976983720705
94,21,other,oculus rift,21.28381836921493,1,2,0.0,0.3547303061535822
95,55,female,playstation vr,42.98374607803835,7,1,0.6666666666666666,0.7163957679673059
96,58,other,playstation vr,57.39661712816199,4,5,0.3333333333333333,0.9566102854693666
97,49,female,oculus rift,39.50616333085914,8,1,0.7777777777777778,0.6584360555143189
98,47,female,playstation vr,15.52703652064751,8,1,0.7777777777777778,0.25878394201079186
99,41,other,htc vive,52.24950968801828,7,3,0.6666666666666666,0.8708251614669713
100,37,female,playstation vr,35.44494881727786,8,5,0.7777777777777778,0.590749146954631
101,21,male,htc vive,43.628670404505,8,1,0.7777777777777778,0.72714450674175
102,57,other,htc vive,40.25901298393924,6,4,0.5555555555555556,0.6709835497323208
103,22,male,htc vive,27.97101601959013,5,3,0.4444444444444444,0.4661836003265022
104,58,male,oculus rift,5.938233637962936,8,2,0.7777777777777778,0.0989705606327156
105,27,male,htc vive,44.62556264380942,1,3,0.0,0.7437593773968236
106,38,male,oculus rift,37.21702115880852,4,2,0.3333333333333333,0.620283685980142
107,29,male,htc vive,58.57555010227446,3,2,0.2222222222222222,0.976259168371241
108,55,male,playstation vr,43.4532130372289,10,4,1.0,0.7242202172871484
109,39,female,oculus rift,39.98129768969828,1,1,0.0,0.6663549614949713
110,21,other,htc vive,51.04603098994023,9,3,0.8888888888888888,0.8507671831656705
111,25,male,oculus rift,25.32700076536103,3,2,0.2222222222222222,0.4221166794226839
112,60,other,htc vive,12.702774917558262,1,4,0.0,0.2117129152926377
113,39,female,playstation vr,27.20456464511001,4,5,0.3333333333333333,0.4534094107518335
114,42,male,oculus rift,31.6460116173224,8,4,0.7777777777777778,0.5274335269553734
115,37,female,playstation vr,12.784447483912658,6,1,0.5555555555555556,0.21307412473187762
116,46,female,oculus rift,31.173395578585243,1,4,0.0,0.5195565929764208
117,34,male,oculus rift,6.13900559378939,5,1,0.4444444444444444,0.10231675989648983
118,59,female,htc vive,5.503272092564931,10,1,1.0,0.09172120154274885
119,40,male,htc vive,42.453621281452776,5,1,0.4444444444444444,0.7075603546908796
120,38,male,playstation vr,17.99089158735286,3,4,0.2222222222222222,0.2998481931225477
121,60,female,htc vive,7.3827275549122895,10,1,1.0,0.12304545924853816
122,33,female,htc vive,55.24004123815162,8,3,0.7777777777777778,0.9206673539691936
123,40,female,oculus rift,51.7433367919241,3,3,0.2222222222222222,0.8623889465320683
124,40,other,htc vive,19.53150021310952,1,2,0.0,0.32552500355182534
125,18,female,playstation vr,23.441191161586133,10,4,1.0,0.3906865193597689
126,41,other,oculus rift,50.254934338089846,1,1,0.0,0.8375822389681641
127,60,other,playstation vr,58.77237494920231,1,5,0.0,0.9795395824867051
128,35,other,htc vive,15.314607983257211,10,1,1.0,0.2552434663876202
129,50,other,playstation vr,18.48418008154072,8,4,0.7777777777777778,0.3080696680256787
130,26,female,htc vive,56.38556962459881,2,1,0.1111111111111111,0.9397594937433135
131,19,male,playstation vr,5.193212457694742,5,5,0.4444444444444444,0.08655354096157902
132,42,other,playstation vr,14.689246670164838,5,5,0.4444444444444444,0.24482077783608064
133,40,other,playstation vr,11.205968444628528,7,4,0.6666666666666666,0.1867661407438088
134,21,female,playstation vr,17.66921492548709,9,5,0.8888888888888888,0.29448691542478483
135,49,other,playstation vr,53.54930699615135,7,4,0.6666666666666666,0.8924884499358559
136,35,other,playstation vr,22.594296526539853,8,2,0.7777777777777778,0.3765716087756642
137,39,female,htc vive,43.69333550231479,10,2,1.0,0.7282222583719131
138,57,other,playstation vr,15.1302400568986,2,3,0.1111111111111111,0.2521706676149767
139,42,female,oculus rift,7.07738174869298,5,5,0.4444444444444444,0.11795636247821634
140,58,male,oculus rift,28.879421955670868,2,1,0.1111111111111111,0.4813236992611811
141,45,other,oculus rift,43.38548836196316,8,2,0.7777777777777778,0.723091472699386
142,34,other,oculus rift,49.26654303094564,1,5,0.0,0.8211090505157607
143,36,other,playstation vr,43.67715151260036,3,3,0.2222222222222222,0.727952525210006
144,21,male,oculus rift,32.33167012748571,9,1,0.8888888888888888,0.5388611687914284
145,18,other,htc vive,10.455393958544962,5,2,0.4444444444444444,0.17425656597574937
146,31,male,oculus rift,54.33275421310929,3,1,0.2222222222222222,0.9055459035518215
147,37,other,oculus rift,56.058982390892425,4,1,0.3333333333333333,0.9343163731815404
148,33,other,playstation vr,13.320523914573748,7,1,0.6666666666666666,0.22200873190956247
149,20,female,htc vive,45.23560483706321,2,4,0.1111111111111111,0.7539267472843868
150,26,other,playstation vr,33.803091425587496,4,2,0.3333333333333333,0.5633848570931249
151,39,other,oculus rift,32.7304632936619,3,4,0.2222222222222222,0.5455077215610317
152,49,female,oculus rift,22.532101245605144,10,3,1.0,0.3755350207600857
153,42,other,htc vive,43.135963204183504,3,4,0.2222222222222222,0.7189327200697251
154,20,other,htc vive,57.38293506273816,3,5,0.2222222222222222,0.956382251045636
155,43,female,htc vive,9.018878245830791,4,5,0.3333333333333333,0.15031463743051318
156,35,female,oculus rift,11.308401229533834,10,3,1.0,0.1884733538255639
157,55,female,htc vive,32.13185178552564,5,5,0.4444444444444444,0.535530863092094
158,36,other,oculus rift,24.25074579431782,1,1,0.0,0.40417909657196366
159,55,female,playstation vr,32.41566194598681,10,1,1.0,0.5402610324331135
160,60,female,playstation vr,59.03127087259328,6,3,0.5555555555555556,0.9838545145432214
161,60,male,playstation vr,29.025296823415925,8,1,0.7777777777777778,0.48375494705693206
162,58,other,playstation vr,57.27418269202001,10,3,1.0,0.9545697115336669
163,19,other,htc vive,54.2418522480388,2,1,0.1111111111111111,0.9040308708006467
164,25,female,oculus rift,38.9716086615651,1,3,0.0,0.649526811026085
165,19,male,oculus rift,31.38581411563076,5,2,0.4444444444444444,0.5230969019271794
166,39,female,playstation vr,8.69302738982064,2,4,0.1111111111111111,0.144883789830344
167,30,male,htc vive,13.417641589357634,6,5,0.5555555555555556,0.22362735982262724
168,48,female,oculus rift,9.941461761896608,1,5,0.0,0.16569102936494348
169,32,other,htc vive,51.8597893597564,3,5,0.2222222222222222,0.8643298226626066
170,36,male,playstation vr,41.14762387222579,10,1,1.0,0.6857937312037632
171,24,female,htc vive,41.141356913393786,5,1,0.4444444444444444,0.6856892818898964
172,43,male,htc vive,48.102678453550666,1,1,0.0,0.8017113075591777
173,39,other,htc vive,43.92802031298216,8,1,0.7777777777777778,0.732133671883036
174,58,female,oculus rift,37.108474112540186,2,1,0.1111111111111111,0.6184745685423364
175,48,female,oculus rift,33.08303161329691,9,2,0.8888888888888888,0.5513838602216151
176,38,male,playstation vr,21.83719810721277,9,2,0.8888888888888888,0.3639533017868795
177,55,female,htc vive,20.85454578239926,3,2,0.2222222222222222,0.34757576303998766
178,23,male,htc vive,19.481424852284768,1,2,0.0,0.32469041420474615
179,31,female,htc vive,25.125631137867902,9,1,0.8888888888888888,0.41876051896446503
180,27,female,htc vive,6.335489106310346,9,3,0.8888888888888888,0.10559148510517244
181,26,other,htc vive,24.29471869678068,3,1,0.2222222222222222,0.404911978279678
182,24,male,oculus rift,59.166574082555705,2,4,0.1111111111111111,0.9861095680425951
183,34,other,oculus rift,34.11544739125256,7,5,0.6666666666666666,0.5685907898542093
184,26,female,playstation vr,51.68361916296101,4,2,0.3333333333333333,0.8613936527160168
185,33,other,oculus rift,42.90109851228274,8,3,0.7777777777777778,0.7150183085380457
186,55,female,playstation vr,35.80517132296273,10,3,1.0,0.5967528553827122
187,42,male,oculus rift,13.39637036015206,2,1,0.1111111111111111,0.22327283933586767
188,29,female,htc vive,26.222387976190834,1,3,0.0,0.43703979960318057
189,28,female,oculus rift,46.0525474160488,1,2,0.0,0.7675424569341467
190,55,other,oculus rift,54.987576589635225,4,5,0.3333333333333333,0.9164596098272537
191,57,other,playstation vr,22.273076675454217,10,4,1.0,0.3712179445909036
192,29,female,oculus rift,52.66661157298209,2,3,0.1111111111111111,0.8777768595497015
193,55,female,playstation vr,59.17311719535402,4,1,0.3333333333333333,0.986218619922567
194,41,female,playstation vr,42.89614867500631,3,3,0.2222222222222222,0.7149358112501052
195,39,male,oculus rift,45.16754834971111,8,3,0.7777777777777778,0.7527924724951852
196,37,other,playstation vr,32.14204874293199,6,1,0.5555555555555556,0.5357008123821998
197,20,other,htc vive,45.28963279006209,8,5,0.7777777777777778,0.7548272131677015
198,55,male,oculus rift,42.96134383595791,8,5,0.7777777777777778,0.7160223972659652
199,56,other,playstation vr,41.025526343178406,3,4,0.2222222222222222,0.6837587723863068
200,33,other,htc vive,11.47021901619747,10,1,1.0,0.1911703169366245
201,55,male,oculus rift,8.46133530888975,3,4,0.2222222222222222,0.1410222551481625
202,38,male,htc vive,25.71767960856044,3,4,0.2222222222222222,0.4286279934760074
203,32,female,htc vive,42.3839622804653,7,1,0.6666666666666666,0.7063993713410883
204,21,other,oculus rift,9.213936961051264,2,1,0.1111111111111111,0.15356561601752106
205,40,other,playstation vr,8.720006193692365,5,2,0.4444444444444444,0.1453334365615394
206,20,other,oculus rift,28.09123714045642,7,2,0.6666666666666666,0.4681872856742737
207,18,male,htc vive,31.577104855025517,4,4,0.3333333333333333,0.5262850809170919
208,41,female,htc vive,28.233899957625752,4,5,0.3333333333333333,0.47056499929376255
209,25,male,oculus rift,13.818440400003515,7,2,0.6666666666666666,0.2303073400000586
210,48,male,oculus rift,31.179810229576077,1,5,0.0,0.5196635038262679
211,51,other,htc vive,52.77755413185617,6,2,0.5555555555555556,0.8796259021976028
212,24,female,playstation vr,26.76990493363618,8,5,0.7777777777777778,0.4461650822272697
213,53,female,oculus rift,32.22221426824987,10,2,1.0,0.5370369044708312
214,42,male,htc vive,21.117690873840647,6,4,0.5555555555555556,0.3519615145640108
215,56,female,htc vive,5.925511277013653,10,1,1.0,0.09875852128356088
216,59,male,playstation vr,55.26796192437496,5,5,0.4444444444444444,0.9211326987395826
217,32,male,oculus rift,56.228349131973616,9,5,0.8888888888888888,0.9371391521995602
218,20,male,oculus rift,51.4861096041564,6,3,0.5555555555555556,0.8581018267359399
219,47,other,oculus rift,35.16229434282233,9,5,0.8888888888888888,0.5860382390470388
220,42,female,htc vive,58.67896539588441,9,2,0.8888888888888888,0.9779827565980735
221,29,female,playstation vr,32.434009317665,2,4,0.1111111111111111,0.5405668219610834
222,38,other,playstation vr,45.7369988497472,10,1,1.0,0.7622833141624533
223,20,other,htc vive,14.98568792290144,6,2,0.5555555555555556,0.24976146538169067
224,38,other,oculus rift,56.87272604761874,5,4,0.4444444444444444,0.9478787674603123
225,60,other,playstation vr,52.77465196395801,4,4,0.3333333333333333,0.8795775327326335
226,20,female,oculus rift,44.21489732983517,7,4,0.6666666666666666,0.7369149554972528
227,30,female,oculus rift,24.55458662746932,4,5,0.3333333333333333,0.40924311045782197
228,19,female,playstation vr,12.269679569089012,1,3,0.0,0.20449465948481688
229,30,male,htc vive,15.072718759616183,9,2,0.8888888888888888,0.2512119793269364
230,47,female,playstation vr,43.91145113475982,4,4,0.3333333333333333,0.7318575189126637
231,31,male,oculus rift,49.22463189542025,3,5,0.2222222222222222,0.8204105315903375
232,25,male,oculus rift,23.18860293315785,10,2,1.0,0.3864767155526308
233,60,male,playstation vr,17.252068907454017,9,3,0.8888888888888888,0.2875344817909003
234,35,other,oculus rift,28.566049426140815,2,4,0.1111111111111111,0.4761008237690136
235,41,other,oculus rift,33.51071575047004,5,5,0.4444444444444444,0.5585119291745007
236,36,other,oculus rift,27.60046750055184,10,2,1.0,0.460007791675864
237,39,other,htc vive,35.271372770457845,1,3,0.0,0.5878562128409641
238,31,other,htc vive,35.15146030088155,1,1,0.0,0.5858576716813592
239,23,male,playstation vr,6.632134053635467,3,2,0.2222222222222222,0.11053556756059112
240,52,female,oculus rift,28.35404615609802,5,2,0.4444444444444444,0.472567435934967
241,20,male,playstation vr,36.816617931522046,3,4,0.2222222222222222,0.6136102988587008
242,47,female,playstation vr,18.26953024431006,6,4,0.5555555555555556,0.30449217073850104
243,24,other,htc vive,30.16684105285917,2,1,0.1111111111111111,0.5027806842143195
244,52,other,htc vive,56.10284518363555,5,3,0.4444444444444444,0.9350474197272592
245,35,male,oculus rift,41.60064960306035,2,5,0.1111111111111111,0.6933441600510057
246,36,other,playstation vr,56.13921191808851,10,3,1.0,0.9356535319681419
247,51,other,htc vive,50.295990444064685,1,2,0.0,0.8382665074010781
248,42,other,htc vive,19.978172909441987,6,1,0.5555555555555556,0.33296954849069976
249,53,other,oculus rift,29.09477246249797,6,4,0.5555555555555556,0.48491287437496616
250,38,male,htc vive,20.68966798831051,7,3,0.6666666666666666,0.3448277998051752
251,34,male,oculus rift,25.931966912460958,4,4,0.3333333333333333,0.43219944854101594
252,35,male,htc vive,14.5358348341867,5,1,0.4444444444444444,0.24226391390311167
253,60,other,oculus rift,24.888673467330797,4,5,0.3333333333333333,0.41481122445551327
254,20,other,htc vive,52.18778860144982,3,2,0.2222222222222222,0.8697964766908303
255,32,male,oculus rift,59.1376519075106,9,1,0.8888888888888888,0.9856275317918434
256,30,other,oculus rift,51.55033090234956,10,2,1.0,0.859172181705826
257,32,female,htc vive,41.19548707332049,2,1,0.1111111111111111,0.6865914512220083
258,56,female,oculus rift,58.4648380169248,4,4,0.3333333333333333,0.9744139669487467
259,49,female,htc vive,26.05533812159344,10,2,1.0,0.43425563535989065
260,38,female,htc vive,5.347581524631143,10,1,1.0,0.08912635874385239
261,59,female,oculus rift,15.892440058310168,4,3,0.3333333333333333,0.2648740009718361
262,41,male,playstation vr,12.3220294611079,4,4,0.3333333333333333,0.20536715768513167
263,48,male,oculus rift,22.683333988707663,4,1,0.3333333333333333,0.37805556647846106
264,32,female,oculus rift,7.233043570780897,9,5,0.8888888888888888,0.12055072617968161
265,24,male,htc vive,51.89726739598849,8,2,0.7777777777777778,0.8649544565998082
266,29,male,playstation vr,21.4113019358818,8,2,0.7777777777777778,0.35685503226469667
267,53,male,htc vive,28.260952990353957,5,1,0.4444444444444444,0.47101588317256593
268,57,other,oculus rift,30.90222249596188,1,5,0.0,0.5150370415993647
269,42,female,oculus rift,42.63299269988583,10,1,1.0,0.7105498783314306
270,58,other,htc vive,40.28872412180051,5,5,0.4444444444444444,0.6714787353633419
271,37,other,oculus rift,13.163848009366404,10,5,1.0,0.21939746682277342
272,29,female,oculus rift,43.22221062770512,10,3,1.0,0.7203701771284187
273,25,female,htc vive,36.342266714381,7,1,0.6666666666666666,0.6057044452396833
274,27,other,playstation vr,36.08073790418675,5,4,0.4444444444444444,0.6013456317364458
275,33,female,htc vive,28.25543202084931,1,3,0.0,0.4709238670141552
276,38,female,playstation vr,35.990464762514854,5,1,0.4444444444444444,0.5998410793752476
277,57,other,oculus rift,52.03967136670318,6,5,0.5555555555555556,0.8673278561117197
278,39,male,htc vive,58.32511039095489,6,4,0.5555555555555556,0.9720851731825815
279,55,other,oculus rift,21.78197038569274,2,3,0.1111111111111111,0.3630328397615457
280,41,other,oculus rift,5.608130156959668,5,4,0.4444444444444444,0.09346883594932781
281,24,male,playstation vr,55.57757196988497,9,1,0.8888888888888888,0.9262928661647495
282,47,male,htc vive,44.40805706214391,5,3,0.4444444444444444,0.7401342843690651
283,47,female,oculus rift,31.40139958757288,7,4,0.6666666666666666,0.5233566597928813
284,40,female,oculus rift,59.73389531418631,9,4,0.8888888888888888,0.9955649219031052
285,20,other,playstation vr,5.678893773178635,9,4,0.8888888888888888,0.09464822955297726
286,54,other,playstation vr,24.80022234986135,7,2,0.6666666666666666,0.4133370391643558
287,56,male,oculus rift,43.61129637686162,8,2,0.7777777777777778,0.7268549396143603
288,47,other,oculus rift,15.84963661077921,9,5,0.8888888888888888,0.26416061017965353
289,23,female,playstation vr,40.94482898617223,2,1,0.1111111111111111,0.6824138164362039
290,32,other,oculus rift,19.300457986034857,9,5,0.8888888888888888,0.3216742997672476
291,31,female,oculus rift,7.495519139628522,8,5,0.7777777777777778,0.1249253189938087
292,42,male,htc vive,35.266731155458174,3,5,0.2222222222222222,0.5877788525909696
293,51,male,playstation vr,21.39356750777037,5,3,0.4444444444444444,0.3565594584628395
294,28,other,oculus rift,57.09694590252728,7,1,0.6666666666666666,0.9516157650421213
295,40,female,oculus rift,45.27820204665306,3,4,0.2222222222222222,0.754636700777551
296,33,male,oculus rift,52.44700641008652,9,3,0.8888888888888888,0.874116773501442
297,23,male,playstation vr,43.89558720821031,7,1,0.6666666666666666,0.7315931201368385
298,39,other,htc vive,55.89584405260791,1,1,0.0,0.9315974008767985
299,31,female,oculus rift,22.84346315644444,9,4,0.8888888888888888,0.38072438594074065
300,18,other,htc vive,51.813832644409,7,3,0.6666666666666666,0.8635638774068166
301,46,other,playstation vr,36.596810435411314,6,1,0.5555555555555556,0.6099468405901886
302,27,female,htc vive,42.75459162808759,10,2,1.0,0.7125765271347931
303,30,other,oculus rift,27.097769821057163,4,5,0.3333333333333333,0.4516294970176194
304,30,other,htc vive,19.27087809829737,3,5,0.2222222222222222,0.3211813016382895
305,55,female,htc vive,20.621731128775817,6,3,0.5555555555555556,0.3436955188129303
306,34,male,playstation vr,37.11842032810016,1,5,0.0,0.6186403388016692
307,18,male,htc vive,53.95627156487721,9,4,0.8888888888888888,0.8992711927479535
308,58,male,oculus rift,57.283119906548514,10,1,1.0,0.9547186651091419
309,37,female,oculus rift,25.227551853333026,1,3,0.0,0.42045919755555045
310,33,other,playstation vr,58.21748904802064,6,2,0.5555555555555556,0.9702914841336773
311,30,other,playstation vr,19.099456707347784,3,3,0.2222222222222222,0.3183242784557964
312,51,other,playstation vr,55.62710606978335,5,5,0.4444444444444444,0.9271184344963892
313,29,female,oculus rift,6.216317575756527,7,4,0.6666666666666666,0.10360529292927545
314,33,male,playstation vr,56.726841066606255,8,2,0.7777777777777778,0.9454473511101043
315,41,male,htc vive,28.07512995784392,1,3,0.0,0.46791883263073203
316,38,female,htc vive,28.49336865016499,8,1,0.7777777777777778,0.4748894775027498
317,31,other,htc vive,44.27517213380118,1,4,0.0,0.737919535563353
318,50,female,playstation vr,52.9150771300714,1,2,0.0,0.8819179521678567
319,20,other,oculus rift,41.39791209475809,7,3,0.6666666666666666,0.6899652015793015
320,25,female,htc vive,45.32232954931562,5,4,0.4444444444444444,0.7553721591552603
321,25,male,playstation vr,12.468253778625051,6,5,0.5555555555555556,0.20780422964375087
322,24,other,oculus rift,26.890696273873296,3,1,0.2222222222222222,0.4481782712312216
323,28,female,oculus rift,39.133191551012814,10,2,1.0,0.6522198591835469
324,55,female,htc vive,42.40765747279055,10,1,1.0,0.7067942912131758
325,31,female,playstation vr,16.054033759227025,6,2,0.5555555555555556,0.2675672293204504
326,47,other,oculus rift,5.991537516239286,5,2,0.4444444444444444,0.09985895860398811
327,47,male,oculus rift,53.93997048486796,2,1,0.1111111111111111,0.8989995080811327
328,34,female,playstation vr,44.53550335857871,8,3,0.7777777777777778,0.7422583893096452
329,35,male,htc vive,41.85057664742197,7,5,0.6666666666666666,0.6975096107903661
330,21,other,htc vive,30.673299682189374,7,3,0.6666666666666666,0.5112216613698229
331,38,female,oculus rift,5.2037596464231495,7,1,0.6666666666666666,0.08672932744038582
332,19,female,playstation vr,47.81088016028836,3,4,0.2222222222222222,0.7968480026714727
333,33,male,oculus rift,54.397616556459816,8,1,0.7777777777777778,0.9066269426076636
334,21,other,oculus rift,24.5468159947274,2,4,0.1111111111111111,0.4091135999121233
335,34,other,oculus rift,59.10230825644275,10,2,1.0,0.9850384709407124
336,33,male,htc vive,36.31931612006679,7,4,0.6666666666666666,0.6053219353344464
337,35,male,oculus rift,30.571581052423284,8,3,0.7777777777777778,0.5095263508737214
338,28,male,htc vive,39.65986004506149,6,3,0.5555555555555556,0.6609976674176915
339,56,other,htc vive,53.71562479663135,3,4,0.2222222222222222,0.8952604132771892
340,59,male,oculus rift,51.28791536804561,7,2,0.6666666666666666,0.8547985894674268
341,24,male,playstation vr,42.22566106107188,2,3,0.1111111111111111,0.7037610176845314
342,49,male,oculus rift,56.65839690194559,10,5,1.0,0.9443066150324265
343,18,male,playstation vr,36.6168105133259,8,2,0.7777777777777778,0.6102801752220983
344,46,female,htc vive,13.794704970598463,4,2,0.3333333333333333,0.2299117495099744
345,41,other,oculus rift,10.757991201232995,3,5,0.2222222222222222,0.17929985335388327
346,24,male,playstation vr,27.64425584146729,7,4,0.6666666666666666,0.4607375973577882
347,40,male,oculus rift,11.583002823863684,7,1,0.6666666666666666,0.19305004706439471
348,31,male,playstation vr,18.38947454725629,1,2,0.0,0.3064912424542715
349,22,other,oculus rift,44.50964948342455,1,3,0.0,0.7418274913904093
350,49,female,htc vive,28.10560509620214,10,3,1.0,0.468426751603369
351,20,female,playstation vr,28.12306436847124,5,2,0.4444444444444444,0.46871773947452067
352,50,other,playstation vr,35.404233055531854,10,4,1.0,0.590070550925531
353,29,male,oculus rift,31.4749538653062,5,4,0.4444444444444444,0.52458256442177
354,53,female,oculus rift,31.28611853037196,10,1,1.0,0.5214353088395327
355,18,female,oculus rift,25.3460986947932,1,1,0.0,0.4224349782465533
356,49,other,htc vive,49.46415846084132,10,3,1.0,0.8244026410140219
357,50,male,playstation vr,32.79333326725688,3,4,0.2222222222222222,0.5465555544542813
358,26,male,htc vive,40.22589466259648,1,5,0.0,0.6704315777099413
359,25,other,htc vive,15.655624310449872,9,5,0.8888888888888888,0.2609270718408312
360,23,other,htc vive,28.298782960393165,6,3,0.5555555555555556,0.4716463826732194
361,24,female,htc vive,20.43509762688727,9,2,0.8888888888888888,0.34058496044812114
362,40,male,htc vive,17.96340375281855,1,3,0.0,0.2993900625469758
363,30,male,playstation vr,25.462767376471923,7,4,0.6666666666666666,0.42437945627453205
364,28,male,playstation vr,38.95967545750432,4,3,0.3333333333333333,0.6493279242917386
365,35,male,playstation vr,51.14778727713122,1,5,0.0,0.8524631212855204
366,27,female,oculus rift,25.717475007051203,4,3,0.3333333333333333,0.42862458345085336
367,44,other,oculus rift,52.83247275216572,2,5,0.1111111111111111,0.8805412125360953
368,26,female,htc vive,26.889067494153824,8,5,0.7777777777777778,0.44815112490256376
369,54,male,playstation vr,21.013797744703744,5,4,0.4444444444444444,0.35022996241172905
370,58,other,playstation vr,23.82493466864835,2,2,0.1111111111111111,0.3970822444774725
371,55,other,htc vive,24.07057775894989,3,3,0.2222222222222222,0.4011762959824982
372,29,male,playstation vr,12.250294672892547,4,2,0.3333333333333333,0.20417157788154244
373,51,other,htc vive,18.603335954353955,8,5,0.7777777777777778,0.3100555992392326
374,54,female,oculus rift,19.098588090311985,4,3,0.3333333333333333,0.3183098015051998
375,44,other,playstation vr,35.44942770107912,8,3,0.7777777777777778,0.5908237950179853
376,37,other,oculus rift,30.079172154613538,2,3,0.1111111111111111,0.5013195359102256
377,31,male,playstation vr,7.382005076652272,2,5,0.1111111111111111,0.12303341794420453
378,44,other,htc vive,10.606699539738877,3,2,0.2222222222222222,0.1767783256623146
379,26,other,oculus rift,22.03510528592459,3,2,0.2222222222222222,0.36725175476540983
380,57,female,htc vive,52.09396950779898,9,5,0.8888888888888888,0.868232825129983
381,30,other,htc vive,48.531048558891406,9,1,0.8888888888888888,0.8088508093148568
382,19,male,playstation vr,6.03285795763747,8,2,0.7777777777777778,0.10054763262729116
383,50,other,htc vive,30.59824961798285,1,2,0.0,0.5099708269663809
384,49,other,oculus rift,30.994506510896617,1,2,0.0,0.5165751085149436
385,56,other,oculus rift,58.41477864427708,6,5,0.5555555555555556,0.9735796440712846
386,39,other,oculus rift,34.30984163056331,1,3,0.0,0.5718306938427219
387,28,other,htc vive,9.6185141455461,7,4,0.6666666666666666,0.16030856909243502
388,19,male,playstation vr,27.11501243027914,5,5,0.4444444444444444,0.4519168738379857
389,30,female,oculus rift,15.6150262425325,6,3,0.5555555555555556,0.26025043737554165
390,30,other,playstation vr,11.731979546780693,9,2,0.8888888888888888,0.19553299244634487
391,60,male,playstation vr,49.65683177500063,8,3,0.7777777777777778,0.8276138629166773
392,49,other,htc vive,48.41229349515633,3,1,0.2222222222222222,0.8068715582526055
393,58,other,oculus rift,9.23837399602298,5,4,0.4444444444444444,0.15397289993371635
394,39,male,htc vive,54.23742526470158,5,4,0.4444444444444444,0.9039570877450263
395,36,other,htc vive,21.35332723807066,5,2,0.4444444444444444,0.3558887873011776
396,52,other,playstation vr,50.5884032008668,9,2,0.8888888888888888,0.84314005334778
397,18,other,oculus rift,27.4604204581124,8,3,0.7777777777777778,0.45767367430187333
398,42,female,htc vive,50.5352761807604,3,3,0.2222222222222222,0.8422546030126733
399,54,female,playstation vr,28.55663154128996,7,2,0.6666666666666666,0.4759438590214993
400,33,male,playstation vr,16.915628564222338,6,2,0.5555555555555556,0.28192714273703895
401,40,other,playstation vr,54.08714226835714,7,4,0.6666666666666666,0.9014523711392857
402,51,male,playstation vr,5.599194603946594,10,2,1.0,0.09331991006577657
403,31,other,oculus rift,21.57543707848184,3,3,0.2222222222222222,0.3595906179746973
404,20,female,oculus rift,17.418046716404387,5,2,0.4444444444444444,0.2903007786067398
405,33,male,oculus rift,34.47676395299142,4,3,0.3333333333333333,0.574612732549857
406,54,male,playstation vr,35.31450833072365,7,4,0.6666666666666666,0.5885751388453941
407,39,female,htc vive,43.310377154873,6,5,0.5555555555555556,0.7218396192478834
408,49,male,htc vive,39.62869467354047,5,3,0.4444444444444444,0.6604782445590078
409,36,other,oculus rift,59.54910536372816,1,5,0.0,0.9924850893954693
410,41,other,htc vive,23.11917123547272,9,1,0.8888888888888888,0.385319520591212
411,29,female,htc vive,8.652689074149418,2,1,0.1111111111111111,0.14421148456915697
412,54,male,playstation vr,37.2140508538257,6,3,0.5555555555555556,0.6202341808970949
413,25,other,playstation vr,50.71214203033938,8,2,0.7777777777777778,0.845202367172323
414,53,male,htc vive,54.45543335070314,9,2,0.8888888888888888,0.9075905558450523
415,35,male,htc vive,14.677006821754311,10,5,1.0,0.24461678036257187
416,40,female,playstation vr,58.208837229140194,2,4,0.1111111111111111,0.9701472871523366
417,32,other,htc vive,24.66537869975883,10,5,1.0,0.4110896449959805
418,55,other,htc vive,34.79766202564673,5,1,0.4444444444444444,0.5799610337607788
419,56,female,oculus rift,42.22298288227114,3,1,0.2222222222222222,0.7037163813711856
420,24,male,playstation vr,11.5696782989097,4,1,0.3333333333333333,0.192827971648495
421,44,female,htc vive,25.45788940730463,5,1,0.4444444444444444,0.4242981567884105
422,20,other,htc vive,31.12501751187056,8,2,0.7777777777777778,0.5187502918645094
423,51,male,htc vive,41.77726992036168,1,1,0.0,0.6962878320060281
424,41,female,oculus rift,38.957796668000825,1,2,0.0,0.649296611133347
425,53,female,oculus rift,52.57013786671364,10,1,1.0,0.8761689644452273
426,34,female,oculus rift,26.75909436157671,6,3,0.5555555555555556,0.4459849060262785
427,35,other,htc vive,22.48545121381752,10,1,1.0,0.374757520230292
428,38,other,oculus rift,53.76641208658132,1,2,0.0,0.8961068681096886
429,22,male,htc vive,21.980430795697007,8,1,0.7777777777777778,0.36634051326161676
430,29,other,oculus rift,36.92280883905116,8,1,0.7777777777777778,0.6153801473175193
431,31,female,htc vive,45.62236639242961,4,2,0.3333333333333333,0.7603727732071602
432,60,female,htc vive,43.50399477845866,7,5,0.6666666666666666,0.7250665796409776
433,42,male,oculus rift,50.99953501693101,4,1,0.3333333333333333,0.8499922502821835
434,60,male,oculus rift,43.70206629382329,7,3,0.6666666666666666,0.7283677715637216
435,34,female,oculus rift,22.85257974855124,3,3,0.2222222222222222,0.3808763291425207
436,45,other,oculus rift,33.117348645102915,7,4,0.6666666666666666,0.5519558107517153
437,42,other,htc vive,12.721418447688764,7,5,0.6666666666666666,0.21202364079481273
438,39,female,playstation vr,5.163764071327553,6,5,0.5555555555555556,0.08606273452212589
439,38,other,htc vive,36.95901871287748,9,1,0.8888888888888888,0.6159836452146247
440,54,female,playstation vr,14.252248277822114,7,1,0.6666666666666666,0.23753747129703523
441,27,other,playstation vr,39.42891374024925,1,3,0.0,0.6571485623374875
442,48,female,playstation vr,22.974552084961285,9,5,0.8888888888888888,0.3829092014160214
443,20,male,htc vive,23.915247923809456,9,5,0.8888888888888888,0.39858746539682427
444,20,male,htc vive,59.09698711460016,1,2,0.0,0.984949785243336
445,39,female,playstation vr,58.32677262184461,1,5,0.0,0.9721128770307436
446,50,female,htc vive,26.44013879408086,1,5,0.0,0.4406689799013476
447,25,other,playstation vr,19.77392960978875,4,1,0.3333333333333333,0.3295654934964791
448,29,other,playstation vr,12.046709693730026,3,5,0.2222222222222222,0.20077849489550043
449,28,male,oculus rift,49.270601912367965,1,2,0.0,0.8211766985394661
450,35,other,playstation vr,52.24805924691774,7,2,0.6666666666666666,0.870800987448629
451,35,male,htc vive,40.85256497671644,5,3,0.4444444444444444,0.6808760829452739
452,37,male,playstation vr,7.135402444439338,10,4,1.0,0.11892337407398897
453,30,male,playstation vr,15.69397129903291,4,4,0.3333333333333333,0.2615661883172152
454,52,male,oculus rift,7.4134787510359645,5,4,0.4444444444444444,0.12355797918393274
455,57,male,oculus rift,9.40275196855838,10,4,1.0,0.15671253280930633
456,36,female,playstation vr,31.49293159635979,10,3,1.0,0.5248821932726632
457,25,other,oculus rift,52.391374526938094,7,2,0.6666666666666666,0.8731895754489682
458,20,other,playstation vr,30.16553008146641,9,5,0.8888888888888888,0.5027588346911068
459,32,female,htc vive,30.649355976662413,2,4,0.1111111111111111,0.5108225996110403
460,47,female,playstation vr,38.72097676150919,3,4,0.2222222222222222,0.6453496126918199
461,24,male,oculus rift,37.43861458150593,6,2,0.5555555555555556,0.6239769096917656
462,57,other,htc vive,23.186908663945964,5,1,0.4444444444444444,0.38644847773243274
463,41,male,htc vive,23.39790323794981,9,5,0.8888888888888888,0.38996505396583014
464,24,male,htc vive,57.86829032912571,6,5,0.5555555555555556,0.9644715054854286
465,59,female,htc vive,10.5508682413277,6,1,0.5555555555555556,0.17584780402212835
466,32,female,htc vive,52.68699306923651,3,1,0.2222222222222222,0.8781165511539418
467,43,other,oculus rift,13.723242905562293,6,1,0.5555555555555556,0.2287207150927049
468,18,other,playstation vr,10.7066999348549,8,3,0.7777777777777778,0.17844499891424834
469,31,other,playstation vr,49.02935816297644,5,2,0.4444444444444444,0.8171559693829408
470,41,other,htc vive,16.70995166973755,2,2,0.1111111111111111,0.2784991944956258
471,59,other,htc vive,32.203875793182675,7,3,0.6666666666666666,0.5367312632197112
472,42,female,oculus rift,42.65577711053104,6,4,0.5555555555555556,0.7109296185088507
473,38,male,htc vive,32.40555285632888,5,5,0.4444444444444444,0.5400925476054813
474,29,male,htc vive,15.801604628215328,4,4,0.3333333333333333,0.2633600771369221
475,50,female,oculus rift,56.29719147467829,10,5,1.0,0.9382865245779716
476,60,other,playstation vr,25.71561900141132,7,1,0.6666666666666666,0.428593650023522
477,38,female,oculus rift,17.46751702187272,6,2,0.5555555555555556,0.29112528369787866
478,57,female,playstation vr,55.70901782367548,6,1,0.5555555555555556,0.9284836303945914
479,52,other,playstation vr,17.544149753643943,1,3,0.0,0.2924024958940657
480,43,female,htc vive,53.38971620816135,7,1,0.6666666666666666,0.8898286034693559
481,37,female,oculus rift,40.19700453089072,7,3,0.6666666666666666,0.6699500755148454
482,38,other,oculus rift,53.53020642868108,1,4,0.0,0.8921701071446847
483,48,other,htc vive,27.031310965366185,10,2,1.0,0.45052184942276974
484,53,female,oculus rift,27.32032534892476,2,2,0.1111111111111111,0.45533875581541267
485,19,female,oculus rift,7.747755780219066,4,3,0.3333333333333333,0.1291292630036511
486,29,male,htc vive,29.373737193300336,9,2,0.8888888888888888,0.4895622865550056
487,57,other,oculus rift,33.15213038695089,4,3,0.3333333333333333,0.5525355064491815
488,22,female,playstation vr,36.94278803013131,8,2,0.7777777777777778,0.6157131338355218
489,50,other,oculus rift,11.845012424976249,4,2,0.3333333333333333,0.19741687374960415
490,33,other,htc vive,6.185179147892304,10,1,1.0,0.1030863191315384
491,38,other,oculus rift,53.1764659050519,4,1,0.3333333333333333,0.886274431750865
492,52,male,oculus rift,58.95206972718624,6,3,0.5555555555555556,0.982534495453104
493,58,other,htc vive,19.45696276898077,8,5,0.7777777777777778,0.3242827128163462
494,49,other,playstation vr,9.82879787759298,10,3,1.0,0.163813297959883
495,28,female,oculus rift,5.848917739651526,10,3,1.0,0.09748196232752543
496,54,other,htc vive,34.24172378992135,3,5,0.2222222222222222,0.5706953964986892
497,58,male,htc vive,34.201173620858874,2,4,0.1111111111111111,0.5700195603476479
498,60,male,htc vive,55.78402961090519,1,2,0.0,0.9297338268484199
499,42,other,oculus rift,38.79869155912807,1,2,0.0,0.6466448593188012
500,18,male,playstation vr,57.23340399688119,6,3,0.5555555555555556,0.9538900666146864
501,50,other,htc vive,49.84369156088872,9,1,0.8888888888888888,0.8307281926814787
502,50,male,playstation vr,18.309111728315912,3,4,0.2222222222222222,0.3051518621385985
503,42,female,oculus rift,10.50254743512492,7,3,0.6666666666666666,0.175042457252082
504,38,other,playstation vr,48.50928108148384,2,1,0.1111111111111111,0.8084880180247307
505,25,female,oculus rift,42.494988852772,3,1,0.2222222222222222,0.7082498142128667
506,38,female,htc vive,43.60593115978239,6,5,0.5555555555555556,0.7267655193297066
507,60,female,oculus rift,36.68736971877725,6,1,0.5555555555555556,0.6114561619796208
508,25,female,htc vive,41.7465603014116,9,1,0.8888888888888888,0.6957760050235267
509,27,other,playstation vr,33.744792215534886,5,3,0.4444444444444444,0.5624132035922481
510,42,male,oculus rift,16.05148589933894,9,3,0.8888888888888888,0.2675247649889823
511,22,male,htc vive,42.63718284311801,3,4,0.2222222222222222,0.7106197140519669
512,55,female,oculus rift,57.706107306218094,9,2,0.8888888888888888,0.9617684551036348
513,26,male,playstation vr,44.66138527390799,5,1,0.4444444444444444,0.7443564212317998
514,32,female,oculus rift,5.688446846537322,9,5,0.8888888888888888,0.0948074474422887
515,60,other,oculus rift,45.64963238011426,5,2,0.4444444444444444,0.7608272063352377
516,25,female,playstation vr,45.60451442059673,1,1,0.0,0.7600752403432788
517,34,female,playstation vr,31.20112537801693,9,3,0.8888888888888888,0.5200187563002822
518,52,male,htc vive,28.047262005816645,2,5,0.1111111111111111,0.46745436676361074
519,44,female,htc vive,11.9035718327202,1,4,0.0,0.19839286387867
520,32,other,playstation vr,41.47201381552562,3,3,0.2222222222222222,0.6912002302587603
521,26,other,playstation vr,23.97032549854138,9,1,0.8888888888888888,0.3995054249756897
522,57,male,oculus rift,10.501261437173406,4,1,0.3333333333333333,0.1750210239528901
523,37,other,playstation vr,18.83239609777266,4,2,0.3333333333333333,0.313873268296211
524,54,female,playstation vr,50.75314894900495,7,5,0.6666666666666666,0.8458858158167492
525,26,male,htc vive,21.9653842733078,7,5,0.6666666666666666,0.3660897378884634
526,33,male,htc vive,35.454338159733766,8,2,0.7777777777777778,0.5909056359955628
527,32,female,htc vive,12.288126305696409,9,1,0.8888888888888888,0.20480210509494015
528,44,male,htc vive,36.5606921513842,10,1,1.0,0.6093448691897367
529,44,female,htc vive,33.364638892868975,2,5,0.1111111111111111,0.5560773148811495
530,42,other,htc vive,9.303148487334315,10,2,1.0,0.15505247478890524
531,29,male,playstation vr,51.25875060566747,6,2,0.5555555555555556,0.8543125100944579
532,30,other,htc vive,30.494230305539787,9,3,0.8888888888888888,0.5082371717589964
533,28,male,playstation vr,12.684139504445838,2,1,0.1111111111111111,0.2114023250740973
534,49,male,htc vive,24.60764013123212,10,3,1.0,0.4101273355205353
535,60,other,playstation vr,22.416754663373982,8,1,0.7777777777777778,0.3736125777228997
536,21,male,playstation vr,8.504160590231482,10,1,1.0,0.14173600983719137
537,29,male,oculus rift,34.98194639923249,6,4,0.5555555555555556,0.5830324399872082
538,49,male,oculus rift,27.80817256927725,7,5,0.6666666666666666,0.4634695428212875
539,57,female,playstation vr,18.73757153478873,3,1,0.2222222222222222,0.3122928589131455
540,43,other,oculus rift,42.6273762261558,8,5,0.7777777777777778,0.7104562704359301
541,28,female,playstation vr,18.722275397387243,4,2,0.3333333333333333,0.31203792328978736
542,26,male,playstation vr,34.75027787029785,8,5,0.7777777777777778,0.5791712978382975
543,59,male,htc vive,33.44925024129313,10,4,1.0,0.5574875040215521
544,58,female,playstation vr,58.39915838299434,4,1,0.3333333333333333,0.9733193063832389
545,30,female,playstation vr,53.36696271956143,2,4,0.1111111111111111,0.8894493786593571
546,53,female,htc vive,47.664316000635246,5,5,0.4444444444444444,0.7944052666772541
547,28,other,playstation vr,26.043711906704125,5,4,0.4444444444444444,0.43406186511173545
548,29,other,playstation vr,44.80004888491524,6,4,0.5555555555555556,0.7466674814152541
549,36,other,htc vive,36.44100791913753,6,5,0.5555555555555556,0.6073501319856256
550,58,female,htc vive,37.88778605328071,10,1,1.0,0.6314631008880119
551,48,other,htc vive,22.926541905531497,6,1,0.5555555555555556,0.3821090317588583
552,19,female,htc vive,34.692727597518214,3,3,0.2222222222222222,0.5782121266253035
553,23,male,oculus rift,53.1982605367951,6,3,0.5555555555555556,0.8866376756132516
554,44,female,playstation vr,15.103032340615597,6,5,0.5555555555555556,0.2517172056769266
555,48,male,htc vive,38.49464822347085,9,3,0.8888888888888888,0.6415774703911807
556,31,male,playstation vr,36.83491229227046,3,5,0.2222222222222222,0.6139152048711743
557,31,other,playstation vr,37.23665824110093,8,5,0.7777777777777778,0.6206109706850156
558,55,male,playstation vr,8.012024009042996,1,3,0.0,0.13353373348404993
559,34,male,htc vive,28.512030834747787,4,5,0.3333333333333333,0.4752005139124631
560,42,female,playstation vr,30.579698026517484,8,1,0.7777777777777778,0.5096616337752914
561,28,male,oculus rift,16.04471979771308,8,4,0.7777777777777778,0.2674119966285513
562,36,female,htc vive,48.96573340894319,7,1,0.6666666666666666,0.8160955568157198
563,48,other,htc vive,16.974480917731398,5,5,0.4444444444444444,0.2829080152955233
564,40,female,playstation vr,55.24360659786094,3,1,0.2222222222222222,0.9207267766310157
565,24,female,playstation vr,21.689779833688213,10,4,1.0,0.36149633056147024
566,40,female,oculus rift,46.59247069727773,3,2,0.2222222222222222,0.7765411782879622
567,25,other,playstation vr,12.933831940238656,4,5,0.3333333333333333,0.21556386567064428
568,42,female,playstation vr,34.55915136468116,6,1,0.5555555555555556,0.5759858560780194
569,48,other,htc vive,26.90285914694119,5,1,0.4444444444444444,0.44838098578235314
570,40,male,oculus rift,17.149749012004854,6,3,0.5555555555555556,0.2858291502000809
571,53,female,playstation vr,46.75219748028837,8,4,0.7777777777777778,0.7792032913381396
572,46,female,playstation vr,39.10042755111779,6,1,0.5555555555555556,0.6516737925186298
573,19,other,oculus rift,17.47833781125081,8,2,0.7777777777777778,0.2913056301875135
574,30,male,playstation vr,44.10131762556916,4,2,0.3333333333333333,0.7350219604261526
575,51,female,oculus rift,57.87344925243527,4,1,0.3333333333333333,0.9645574875405879
576,23,other,oculus rift,16.502495916490048,3,3,0.2222222222222222,0.27504159860816746
577,55,male,playstation vr,21.387211709492355,3,2,0.2222222222222222,0.3564535284915393
578,33,male,playstation vr,10.216770340326796,2,5,0.1111111111111111,0.17027950567211328
579,55,female,oculus rift,52.87449814878326,8,2,0.7777777777777778,0.8812416358130544
580,30,male,oculus rift,24.9125058092033,7,4,0.6666666666666666,0.4152084301533883
581,51,other,htc vive,54.01924096458123,10,1,1.0,0.9003206827430205
582,48,male,oculus rift,55.937540899470726,8,4,0.7777777777777778,0.9322923483245121
583,54,male,htc vive,58.01025867986007,4,2,0.3333333333333333,0.9668376446643345
584,58,female,oculus rift,54.28276718530552,1,2,0.0,0.9047127864217586
585,39,male,playstation vr,13.41887335574125,8,3,0.7777777777777778,0.22364788926235415
586,41,female,htc vive,6.962830052559451,1,2,0.0,0.11604716754265752
587,39,other,playstation vr,54.75156167225309,7,5,0.6666666666666666,0.9125260278708848
588,46,other,htc vive,34.12924163324023,6,3,0.5555555555555556,0.5688206938873371
589,18,female,playstation vr,25.16181411657121,1,3,0.0,0.4193635686095202
590,27,other,oculus rift,44.86705684730615,6,4,0.5555555555555556,0.7477842807884358
591,36,female,htc vive,24.392790648864608,5,4,0.4444444444444444,0.4065465108144101
592,19,male,playstation vr,41.78188900565985,5,5,0.4444444444444444,0.6963648167609975
593,43,male,oculus rift,35.187461340664825,6,1,0.5555555555555556,0.5864576890110804
594,45,other,htc vive,51.32976152033825,2,3,0.1111111111111111,0.8554960253389708
595,35,female,oculus rift,42.60696320870584,7,3,0.6666666666666666,0.7101160534784307
596,20,other,htc vive,11.745599606089506,2,2,0.1111111111111111,0.1957599934348251
597,60,female,playstation vr,41.39187594766449,2,3,0.1111111111111111,0.6898645991277415
598,57,other,htc vive,48.85952836414941,8,4,0.7777777777777778,0.8143254727358236
599,52,male,oculus rift,33.35019490492515,8,2,0.7777777777777778,0.5558365817487524
600,45,female,htc vive,23.069034792614797,10,4,1.0,0.3844839132102466
601,41,male,oculus rift,8.044430774492342,2,4,0.1111111111111111,0.13407384624153904
602,35,male,playstation vr,48.72427132868937,3,4,0.2222222222222222,0.8120711888114894
603,32,female,htc vive,46.04617694006525,2,3,0.1111111111111111,0.7674362823344208
604,33,other,oculus rift,54.32484720978879,7,3,0.6666666666666666,0.9054141201631466
605,34,female,playstation vr,33.02848280763308,4,5,0.3333333333333333,0.5504747134605513
606,50,other,oculus rift,26.546275202960697,1,3,0.0,0.44243792004934496
607,49,male,htc vive,48.53555230151351,2,5,0.1111111111111111,0.8089258716918919
608,33,female,htc vive,10.263674320455564,6,2,0.5555555555555556,0.1710612386742594
609,45,female,playstation vr,42.483001945135946,1,3,0.0,0.7080500324189324
610,36,female,htc vive,41.73645312653856,5,3,0.4444444444444444,0.695607552108976
611,59,female,htc vive,32.56129734385547,6,2,0.5555555555555556,0.5426882890642578
612,51,other,playstation vr,10.618921132805315,5,5,0.4444444444444444,0.1769820188800886
613,40,female,htc vive,37.0421604518534,10,5,1.0,0.6173693408642233
614,41,male,oculus rift,51.55302668368741,2,5,0.1111111111111111,0.8592171113947902
615,32,male,htc vive,42.410656566429125,1,2,0.0,0.7068442761071521
616,47,male,htc vive,57.73263640270221,3,3,0.2222222222222222,0.9622106067117036
617,18,male,oculus rift,55.58435719197885,6,4,0.5555555555555556,0.9264059531996476
618,32,female,playstation vr,21.124869848245464,3,5,0.2222222222222222,0.3520811641374244
619,38,female,htc vive,41.70899276765398,2,3,0.1111111111111111,0.6951498794608997
620,59,female,htc vive,30.55975163736096,4,5,0.3333333333333333,0.5093291939560161
621,28,female,oculus rift,36.22880345076784,5,4,0.4444444444444444,0.6038133908461307
622,46,male,oculus rift,42.11852585802312,1,1,0.0,0.701975430967052
623,18,male,playstation vr,58.33148979764022,7,3,0.6666666666666666,0.972191496627337
624,45,other,oculus rift,52.30967111610265,5,2,0.4444444444444444,0.8718278519350442
625,30,male,oculus rift,22.830760220530625,5,1,0.4444444444444444,0.38051267034217706
626,32,female,htc vive,28.428542022365,4,4,0.3333333333333333,0.47380903370608335
627,36,other,htc vive,47.01598919858073,9,3,0.8888888888888888,0.7835998199763455
628,28,female,playstation vr,8.493372830193099,2,2,0.1111111111111111,0.14155621383655165
629,58,female,htc vive,39.64317589944204,1,3,0.0,0.660719598324034
630,37,male,oculus rift,34.18610776249563,7,4,0.6666666666666666,0.5697684627082605
631,40,female,oculus rift,56.380501753063584,4,5,0.3333333333333333,0.9396750292177264
632,29,female,htc vive,27.62981512433108,6,3,0.5555555555555556,0.46049691873885135
633,52,other,playstation vr,16.463022606327808,1,1,0.0,0.2743837101054635
634,52,female,oculus rift,57.32490631004018,6,3,0.5555555555555556,0.9554151051673363
635,23,female,htc vive,39.20571936527118,7,5,0.6666666666666666,0.6534286560878529
636,29,female,oculus rift,25.124815078136884,2,5,0.1111111111111111,0.4187469179689481
637,34,other,oculus rift,38.57336750555505,10,1,1.0,0.6428894584259175
638,56,male,oculus rift,51.55099937858569,2,4,0.1111111111111111,0.8591833229764282
639,58,other,playstation vr,43.48443861208782,3,2,0.2222222222222222,0.7247406435347971
640,31,female,playstation vr,28.105117843373765,7,5,0.6666666666666666,0.4684186307228961
641,40,other,htc vive,59.8576159142642,8,5,0.7777777777777778,0.9976269319044033
642,19,male,playstation vr,5.219837804099125,7,5,0.6666666666666666,0.08699729673498542
643,35,male,oculus rift,16.050282981394346,10,4,1.0,0.2675047163565724
644,51,female,oculus rift,42.90214638775936,2,4,0.1111111111111111,0.7150357731293226
645,21,male,oculus rift,9.140250295862256,10,5,1.0,0.1523375049310376
646,44,other,oculus rift,19.69929837574285,3,4,0.2222222222222222,0.32832163959571414
647,54,other,oculus rift,44.89274006361748,1,5,0.0,0.7482123343936247
648,27,other,oculus rift,38.04413203148387,2,5,0.1111111111111111,0.6340688671913978
649,52,female,htc vive,35.6094001573879,1,4,0.0,0.5934900026231317
650,27,female,oculus rift,55.931956960060624,2,2,0.1111111111111111,0.932199282667677
651,42,other,playstation vr,37.03047060631263,10,2,1.0,0.6171745101052105
652,31,male,oculus rift,6.479924880620631,7,5,0.6666666666666666,0.10799874801034386
653,53,male,playstation vr,21.22307998211628,3,2,0.2222222222222222,0.35371799970193796
654,24,male,oculus rift,24.666719953301453,5,3,0.4444444444444444,0.4111119992216909
655,50,male,oculus rift,50.27259281347032,9,1,0.8888888888888888,0.837876546891172
656,53,male,oculus rift,49.10237486164205,3,4,0.2222222222222222,0.8183729143607008
657,27,other,playstation vr,45.00657113813336,10,1,1.0,0.7501095189688893
658,48,other,oculus rift,10.546970174967347,3,3,0.2222222222222222,0.1757828362494558
659,53,other,htc vive,17.7474608383596,1,5,0.0,0.29579101397266
660,48,other,htc vive,44.41986249545169,4,2,0.3333333333333333,0.7403310415908615
661,46,female,htc vive,53.64220141888208,7,3,0.6666666666666666,0.8940366903147013
662,22,other,playstation vr,30.342995245186867,1,5,0.0,0.5057165874197811
663,26,male,htc vive,25.23905541683094,2,2,0.1111111111111111,0.420650923613849
664,32,female,htc vive,18.03083386937801,5,3,0.4444444444444444,0.30051389782296684
665,58,female,htc vive,37.37858302476261,6,4,0.5555555555555556,0.6229763837460436
666,37,male,oculus rift,55.36905244864578,6,3,0.5555555555555556,0.9228175408107631
667,29,other,oculus rift,31.981222915525336,3,2,0.2222222222222222,0.5330203819254222
668,44,male,playstation vr,19.817688967090334,8,5,0.7777777777777778,0.33029481611817224
669,55,male,htc vive,23.066119539392965,3,5,0.2222222222222222,0.3844353256565494
670,25,female,htc vive,6.081832677450166,7,5,0.6666666666666666,0.10136387795750276
671,50,other,playstation vr,11.239483065409884,2,1,0.1111111111111111,0.1873247177568314
672,24,female,htc vive,12.64625436450254,6,3,0.5555555555555556,0.2107709060750423
673,58,female,oculus rift,13.39727975985056,1,1,0.0,0.22328799599750934
674,25,male,playstation vr,23.7218184095795,7,3,0.6666666666666666,0.39536364015965836
675,58,male,oculus rift,26.95120548280868,2,3,0.1111111111111111,0.4491867580468113
676,29,female,htc vive,59.71952888283962,1,4,0.0,0.9953254813806603
677,41,female,oculus rift,45.40793779761309,2,3,0.1111111111111111,0.7567989632935515
678,30,male,playstation vr,15.013686975657151,1,2,0.0,0.25022811626095254
679,32,male,playstation vr,25.466003708578064,2,2,0.1111111111111111,0.42443339514296774
680,49,other,htc vive,46.87419751347634,7,4,0.6666666666666666,0.7812366252246057
681,39,male,oculus rift,11.899401553863292,2,2,0.1111111111111111,0.19832335923105487
682,27,other,oculus rift,47.655706119989205,3,4,0.2222222222222222,0.7942617686664868
683,28,male,oculus rift,26.629400687005727,7,2,0.6666666666666666,0.4438233447834288
684,33,other,playstation vr,46.82179978861591,10,5,1.0,0.7803633298102652
685,37,female,playstation vr,18.14745800598988,4,3,0.3333333333333333,0.3024576334331647
686,37,female,htc vive,31.536595765716683,1,4,0.0,0.5256099294286114
687,23,female,htc vive,45.93119525871663,10,1,1.0,0.7655199209786104
688,54,female,oculus rift,9.019456836958955,9,2,0.8888888888888888,0.1503242806159826
689,23,female,htc vive,5.039438805707397,5,4,0.4444444444444444,0.08399064676178995
690,45,male,htc vive,14.489483841484263,8,4,0.7777777777777778,0.24149139735807107
691,54,other,playstation vr,21.874338608764496,5,5,0.4444444444444444,0.36457231014607494
692,46,female,htc vive,36.48275067208276,5,1,0.4444444444444444,0.6080458445347127
693,30,male,htc vive,6.7836922222787965,4,5,0.3333333333333333,0.11306153703797994
694,49,male,oculus rift,36.20929133159622,3,5,0.2222222222222222,0.6034881888599369
695,50,male,htc vive,13.056103170747452,9,2,0.8888888888888888,0.21760171951245752
696,47,female,htc vive,27.91076449515181,10,2,1.0,0.4651794082525302
697,57,female,htc vive,15.847323967748808,4,3,0.3333333333333333,0.2641220661291468
698,37,male,htc vive,25.19058919950361,5,3,0.4444444444444444,0.41984315332506017
699,23,male,oculus rift,56.427294219676725,8,3,0.7777777777777778,0.9404549036612787
700,50,male,oculus rift,34.902477754337866,6,4,0.5555555555555556,0.5817079625722977
701,43,female,htc vive,6.4094825595580005,7,4,0.6666666666666666,0.10682470932596667
702,45,other,playstation vr,11.706533158236574,5,1,0.4444444444444444,0.19510888597060957
703,49,male,htc vive,16.798521094778177,8,4,0.7777777777777778,0.27997535157963627
704,45,male,oculus rift,24.624543808207555,1,2,0.0,0.4104090634701259
705,21,male,playstation vr,16.32199422803552,10,1,1.0,0.27203323713392535
706,50,other,playstation vr,35.12844489277899,9,4,0.8888888888888888,0.5854740815463164
707,38,male,oculus rift,36.35503864867013,6,3,0.5555555555555556,0.6059173108111688
708,55,other,playstation vr,38.89841047963253,9,4,0.8888888888888888,0.6483068413272088
709,54,female,oculus rift,29.170732501347214,7,1,0.6666666666666666,0.48617887502245355
710,51,female,oculus rift,26.365841093134485,2,5,0.1111111111111111,0.43943068488557474
711,49,female,htc vive,45.197202896537846,4,4,0.3333333333333333,0.7532867149422974
712,38,female,playstation vr,39.38433531605615,6,1,0.5555555555555556,0.6564055886009359
713,40,male,oculus rift,11.585627769049822,6,4,0.5555555555555556,0.19309379615083036
714,44,female,playstation vr,5.737699957485518,3,1,0.2222222222222222,0.09562833262475863
715,24,male,htc vive,54.2109754934813,2,4,0.1111111111111111,0.9035162582246883
716,59,female,htc vive,12.7516099355708,3,1,0.2222222222222222,0.21252683225951333
717,25,other,oculus rift,53.03225833613758,7,5,0.6666666666666666,0.8838709722689597
718,18,female,playstation vr,26.34236175179001,10,4,1.0,0.4390393625298335
719,29,male,oculus rift,5.095207217475991,7,1,0.6666666666666666,0.08492012029126653
720,60,female,htc vive,38.59325931148134,2,2,0.1111111111111111,0.643220988524689
721,29,female,oculus rift,29.439462062378677,9,3,0.8888888888888888,0.4906577010396446
722,49,male,oculus rift,52.80794780457271,2,1,0.1111111111111111,0.8801324634095452
723,35,male,htc vive,50.31099964377242,3,1,0.2222222222222222,0.8385166607295403
724,39,male,htc vive,23.54462436907469,6,1,0.5555555555555556,0.39241040615124484
725,53,other,playstation vr,38.19319332508849,6,5,0.5555555555555556,0.6365532220848081
726,19,female,htc vive,20.274322373201933,3,3,0.2222222222222222,0.33790537288669886
727,32,male,oculus rift,30.9495916299999,7,4,0.6666666666666666,0.515826527166665
728,38,female,oculus rift,11.487553848136937,2,2,0.1111111111111111,0.19145923080228228
729,28,other,oculus rift,9.242199798941956,1,1,0.0,0.15403666331569926
730,50,other,htc vive,34.666029342681654,9,2,0.8888888888888888,0.577767155711361
731,49,male,htc vive,30.724285115663864,3,3,0.2222222222222222,0.5120714185943978
732,53,male,oculus rift,22.71738012559056,5,1,0.4444444444444444,0.37862300209317595
733,52,other,playstation vr,47.88163974954135,9,3,0.8888888888888888,0.7980273291590225
734,33,other,htc vive,31.26440053317776,2,5,0.1111111111111111,0.5210733422196293
735,48,other,oculus rift,14.756046591666488,7,3,0.6666666666666666,0.24593410986110814
736,42,female,playstation vr,38.40969858667232,3,5,0.2222222222222222,0.6401616431112054
737,45,male,oculus rift,54.81618349561653,8,1,0.7777777777777778,0.9136030582602754
738,31,other,oculus rift,16.71759455795796,1,1,0.0,0.27862657596596596
739,24,other,htc vive,46.43066543496385,3,4,0.2222222222222222,0.7738444239160641
740,47,male,playstation vr,31.09683909291928,5,4,0.4444444444444444,0.5182806515486547
741,58,male,playstation vr,16.051044829860125,10,5,1.0,0.2675174138310021
742,28,other,oculus rift,28.903363062636732,2,3,0.1111111111111111,0.4817227177106122
743,55,male,playstation vr,14.938695868253593,10,2,1.0,0.24897826447089322
744,58,female,playstation vr,25.47547637783905,3,4,0.2222222222222222,0.4245912729639842
745,23,female,oculus rift,56.467013884760526,3,3,0.2222222222222222,0.9411168980793421
746,59,other,oculus rift,50.28114703846324,2,1,0.1111111111111111,0.8380191173077206
747,36,female,htc vive,31.672668345910576,2,3,0.1111111111111111,0.5278778057651763
748,48,other,playstation vr,43.75489463288841,3,1,0.2222222222222222,0.7292482438814735
749,60,male,htc vive,25.54964062363318,8,4,0.7777777777777778,0.4258273437272197
750,43,other,htc vive,10.654559468172042,1,1,0.0,0.1775759911362007
751,44,other,playstation vr,48.69645073835462,9,3,0.8888888888888888,0.8116075123059103
752,31,male,playstation vr,44.91494892982531,5,1,0.4444444444444444,0.7485824821637551
753,37,male,htc vive,34.62324038965988,9,5,0.8888888888888888,0.5770540064943313
754,23,other,htc vive,33.643709090067986,2,5,0.1111111111111111,0.5607284848344665
755,59,other,oculus rift,15.535579923929165,2,4,0.1111111111111111,0.2589263320654861
756,55,male,oculus rift,47.62816329505712,1,4,0.0,0.7938027215842853
757,51,other,oculus rift,51.585540446410384,1,5,0.0,0.8597590074401731
758,19,other,playstation vr,34.319272750062225,9,4,0.8888888888888888,0.5719878791677038
759,39,other,htc vive,54.45520146139425,8,1,0.7777777777777778,0.9075866910232375
760,32,female,htc vive,54.69087972402883,7,3,0.6666666666666666,0.9115146620671472
761,47,male,oculus rift,25.80727162646147,8,2,0.7777777777777778,0.43012119377435787
762,53,other,playstation vr,8.945796841032756,1,1,0.0,0.1490966140172126
763,59,male,oculus rift,11.959517211960913,7,4,0.6666666666666666,0.19932528686601522
764,36,female,htc vive,18.25054174947629,7,4,0.6666666666666666,0.30417569582460485
765,28,male,htc vive,26.85863482373408,10,1,1.0,0.44764391372890133
766,52,male,htc vive,54.64953293927952,10,5,1.0,0.910825548987992
767,42,female,oculus rift,13.804643256546468,10,2,1.0,0.23007738760910781
768,50,male,oculus rift,55.80935462576278,8,2,0.7777777777777778,0.9301559104293796
769,23,male,htc vive,35.16299024845792,1,4,0.0,0.5860498374742987
770,50,other,oculus rift,47.90829753859212,9,4,0.8888888888888888,0.7984716256432021
771,33,other,oculus rift,16.75875686163608,1,2,0.0,0.27931261436060134
772,29,male,playstation vr,54.05114151100388,4,4,0.3333333333333333,0.9008523585167313
773,46,male,htc vive,37.21547102544684,1,2,0.0,0.620257850424114
774,31,female,htc vive,54.21627997347428,6,3,0.5555555555555556,0.9036046662245714
775,33,female,htc vive,5.865298057855172,2,1,0.1111111111111111,0.09775496763091954
776,23,male,oculus rift,10.16757402590374,3,1,0.2222222222222222,0.16945956709839566
777,38,male,htc vive,27.78412253115925,5,4,0.4444444444444444,0.4630687088526542
778,60,other,htc vive,54.03412166089942,2,4,0.1111111111111111,0.9005686943483238
779,30,female,playstation vr,28.98755114691092,7,1,0.6666666666666666,0.48312585244851536
780,47,other,playstation vr,30.84382447680933,7,4,0.6666666666666666,0.5140637412801555
781,49,other,playstation vr,38.73799515838349,6,5,0.5555555555555556,0.6456332526397248
782,42,other,oculus rift,14.81768442312478,9,4,0.8888888888888888,0.24696140705207967
783,57,female,oculus rift,32.48138297083446,1,5,0.0,0.541356382847241
784,23,male,htc vive,43.871396451895,7,5,0.6666666666666666,0.7311899408649167
785,46,other,playstation vr,26.69763090954978,4,2,0.3333333333333333,0.444960515159163
786,26,female,playstation vr,16.27220908891317,2,5,0.1111111111111111,0.2712034848152195
787,38,male,playstation vr,55.872436102094966,9,4,0.8888888888888888,0.9312072683682494
788,53,male,htc vive,42.25958023806289,2,5,0.1111111111111111,0.7043263373010481
789,39,male,htc vive,42.06610899468763,2,2,0.1111111111111111,0.7011018165781272
790,47,female,oculus rift,42.108723155036586,5,4,0.4444444444444444,0.7018120525839431
791,32,male,htc vive,57.20290216977595,5,4,0.4444444444444444,0.9533817028295992
792,19,other,htc vive,52.61699853241235,6,5,0.5555555555555556,0.8769499755402059
793,52,male,playstation vr,28.81920561511765,5,4,0.4444444444444444,0.48032009358529415
794,22,male,oculus rift,12.011667928116626,10,4,1.0,0.20019446546861044
795,47,male,oculus rift,9.58869266039084,8,4,0.7777777777777778,0.15981154433984734
796,49,other,oculus rift,27.631697675729928,1,1,0.0,0.4605282945954988
797,54,male,oculus rift,41.57645098973581,5,3,0.4444444444444444,0.6929408498289302
798,33,female,oculus rift,11.353006273508644,1,2,0.0,0.18921677122514408
799,48,other,playstation vr,14.959431882035116,4,3,0.3333333333333333,0.24932386470058526
800,37,male,playstation vr,31.07831721468736,1,5,0.0,0.5179719535781226
801,54,female,playstation vr,38.38103717890463,6,2,0.5555555555555556,0.6396839529817437
802,60,other,playstation vr,10.058561519332027,8,1,0.7777777777777778,0.1676426919888671
803,28,male,oculus rift,44.77257086554777,8,4,0.7777777777777778,0.7462095144257962
804,51,other,playstation vr,44.95491941233537,4,4,0.3333333333333333,0.7492486568722562
805,53,female,oculus rift,15.814265692749164,7,5,0.6666666666666666,0.2635710948791527
806,30,male,oculus rift,29.121368227992622,10,1,1.0,0.48535613713321035
807,49,other,htc vive,37.01234013496662,10,2,1.0,0.616872335582777
808,38,other,htc vive,45.92049699934571,2,3,0.1111111111111111,0.7653416166557618
809,45,other,oculus rift,59.773383346392855,7,3,0.6666666666666666,0.9962230557732142
810,53,male,htc vive,18.23882186238188,6,4,0.5555555555555556,0.30398036437303133
811,28,male,htc vive,41.20527161035817,1,3,0.0,0.6867545268393028
812,37,other,playstation vr,32.27943925397009,8,2,0.7777777777777778,0.5379906542328349
813,23,other,playstation vr,5.892418424638253,8,2,0.7777777777777778,0.09820697374397087
814,53,other,htc vive,15.143709988437523,9,2,0.8888888888888888,0.2523951664739587
815,28,male,oculus rift,51.10268891925804,7,5,0.6666666666666666,0.851711481987634
816,28,other,htc vive,6.2570149622496976,2,3,0.1111111111111111,0.10428358270416163
817,31,male,playstation vr,6.365491875051955,7,2,0.6666666666666666,0.10609153125086591
818,43,male,htc vive,31.35351416365528,3,3,0.2222222222222222,0.5225585693942547
819,46,female,oculus rift,39.760231559369146,6,5,0.5555555555555556,0.6626705259894857
820,49,other,htc vive,43.37997566894754,3,5,0.2222222222222222,0.722999594482459
821,20,female,playstation vr,13.87761533202448,10,2,1.0,0.23129358886707466
822,24,male,htc vive,57.17591969561968,2,1,0.1111111111111111,0.9529319949269948
823,35,other,playstation vr,41.84235598123596,9,2,0.8888888888888888,0.6973725996872661
824,55,male,oculus rift,12.460526535599184,7,1,0.6666666666666666,0.2076754422599864
825,32,female,htc vive,53.15347552600433,4,5,0.3333333333333333,0.8858912587667388
826,26,other,playstation vr,21.57834612169537,3,1,0.2222222222222222,0.35963910202825616
827,52,male,htc vive,33.76357883903627,8,5,0.7777777777777778,0.5627263139839378
828,40,female,playstation vr,58.61393691137707,7,5,0.6666666666666666,0.9768989485229511
829,26,male,oculus rift,9.838312703680236,4,1,0.3333333333333333,0.1639718783946706
830,22,other,htc vive,19.644701499358117,8,5,0.7777777777777778,0.3274116916559686
831,28,male,playstation vr,11.101424867685653,2,1,0.1111111111111111,0.18502374779476088
832,53,male,htc vive,42.7068130072653,6,1,0.5555555555555556,0.711780216787755
833,55,male,htc vive,56.17197529111933,7,4,0.6666666666666666,0.9361995881853222
834,39,female,playstation vr,9.934888667595402,5,1,0.4444444444444444,0.1655814777932567
835,43,male,playstation vr,12.674107060433776,8,2,0.7777777777777778,0.21123511767389627
836,54,female,playstation vr,33.110432070709464,6,5,0.5555555555555556,0.5518405345118244
837,29,other,playstation vr,7.658293213550948,6,5,0.5555555555555556,0.12763822022584914
838,24,male,htc vive,42.09664646437699,2,4,0.1111111111111111,0.7016107744062832
839,40,female,playstation vr,30.12797421766197,8,2,0.7777777777777778,0.5021329036276995
840,35,female,playstation vr,30.930549393067828,5,4,0.4444444444444444,0.5155091565511305
841,40,female,playstation vr,51.51402965173083,6,2,0.5555555555555556,0.8585671608621805
842,38,female,playstation vr,19.45548344217753,6,1,0.5555555555555556,0.32425805736962554
843,33,female,playstation vr,27.58147026975813,4,5,0.3333333333333333,0.4596911711626355
844,26,female,playstation vr,58.05334619608593,5,2,0.4444444444444444,0.9675557699347656
845,33,female,oculus rift,37.78776335484497,10,4,1.0,0.6297960559140828
846,22,male,playstation vr,6.76649243564666,6,3,0.5555555555555556,0.11277487392744433
847,48,male,htc vive,23.095198269361227,7,4,0.6666666666666666,0.38491997115602045
848,45,female,oculus rift,8.505194659407456,5,5,0.4444444444444444,0.1417532443234576
849,25,female,htc vive,49.48069840999216,2,4,0.1111111111111111,0.8246783068332026
850,59,other,oculus rift,46.1634386876697,9,1,0.8888888888888888,0.7693906447944949
851,55,male,oculus rift,9.855320378642702,6,1,0.5555555555555556,0.16425533964404504
852,21,other,playstation vr,50.33517167298101,9,4,0.8888888888888888,0.8389195278830168
853,49,female,oculus rift,29.95667666924994,7,2,0.6666666666666666,0.499277944487499
854,54,other,oculus rift,54.64646665915903,5,5,0.4444444444444444,0.9107744443193172
855,37,female,playstation vr,12.15971193674633,3,4,0.2222222222222222,0.20266186561243885
856,30,female,playstation vr,50.34654297290388,5,3,0.4444444444444444,0.839109049548398
857,26,male,htc vive,8.613690613925261,7,1,0.6666666666666666,0.14356151023208769
858,21,female,playstation vr,41.15652513252572,10,5,1.0,0.6859420855420953
859,38,male,oculus rift,28.644257237589464,10,3,1.0,0.47740428729315776
860,27,female,playstation vr,6.64642380053442,1,4,0.0,0.11077373000890699
861,19,other,playstation vr,36.0788813529565,5,2,0.4444444444444444,0.6013146892159417
862,57,other,oculus rift,6.131606262057487,5,3,0.4444444444444444,0.10219343770095812
863,30,male,oculus rift,35.860894900942895,3,1,0.2222222222222222,0.5976815816823816
864,37,male,htc vive,9.293954288307845,3,4,0.2222222222222222,0.15489923813846407
865,26,other,htc vive,47.592243946077055,9,5,0.8888888888888888,0.7932040657679509
866,53,female,playstation vr,42.611405713884274,2,4,0.1111111111111111,0.7101900952314045
867,39,female,oculus rift,42.27400867572828,9,2,0.8888888888888888,0.704566811262138
868,21,other,oculus rift,53.44002976188403,7,4,0.6666666666666666,0.8906671626980671
869,50,female,playstation vr,57.409111032425926,1,3,0.0,0.9568185172070988
870,51,male,oculus rift,43.93781283336041,5,5,0.4444444444444444,0.7322968805560068
871,45,other,htc vive,9.39048775700474,8,2,0.7777777777777778,0.15650812928341234
872,57,other,playstation vr,8.831795224690993,3,5,0.2222222222222222,0.1471965870781832
873,22,female,oculus rift,58.92898362914252,3,5,0.2222222222222222,0.9821497271523754
874,59,other,htc vive,53.211507380632376,9,1,0.8888888888888888,0.886858456343873
875,31,female,htc vive,38.2832203869517,1,3,0.0,0.6380536731158616
876,19,other,htc vive,31.44211636797392,1,2,0.0,0.5240352727995653
877,35,other,htc vive,47.28440448467602,9,5,0.8888888888888888,0.7880734080779336
878,50,male,oculus rift,52.35743980503398,7,4,0.6666666666666666,0.8726239967505662
879,40,male,oculus rift,30.19667267254472,3,4,0.2222222222222222,0.5032778778757454
880,44,other,oculus rift,31.714694809395134,2,4,0.1111111111111111,0.5285782468232523
881,43,other,playstation vr,5.523328155104489,5,1,0.4444444444444444,0.09205546925174148
882,53,other,oculus rift,14.877004217452413,4,5,0.3333333333333333,0.24795007029087354
883,27,other,htc vive,37.575292192128266,9,2,0.8888888888888888,0.6262548698688044
884,53,other,playstation vr,52.732601347152894,2,5,0.1111111111111111,0.8788766891192149
885,48,female,oculus rift,41.5121867144163,3,3,0.2222222222222222,0.691869778573605
886,44,other,playstation vr,56.697249463468125,9,5,0.8888888888888888,0.9449541577244688
887,28,female,oculus rift,37.983926143207846,6,3,0.5555555555555556,0.6330654357201307
888,19,other,playstation vr,17.966732876411093,8,1,0.7777777777777778,0.2994455479401849
889,33,male,htc vive,13.499387458126936,2,2,0.1111111111111111,0.22498979096878227
890,36,other,htc vive,40.95316787506598,8,1,0.7777777777777778,0.6825527979177664
891,22,other,htc vive,18.301404193181117,9,2,0.8888888888888888,0.3050234032196853
892,57,male,oculus rift,29.22280857639213,1,2,0.0,0.4870468096065355
893,60,female,oculus rift,29.72247662666697,4,3,0.3333333333333333,0.4953746104444495
894,38,female,playstation vr,26.459488134065936,10,4,1.0,0.4409914689010989
895,23,male,htc vive,49.00393251902323,2,4,0.1111111111111111,0.8167322086503872
896,36,other,playstation vr,10.45110808208452,1,3,0.0,0.17418513470140867
897,45,male,playstation vr,55.19901652270455,6,2,0.5555555555555556,0.9199836087117425
898,34,male,oculus rift,13.43143335474774,5,3,0.4444444444444444,0.22385722257912902
899,49,male,playstation vr,46.35086996817831,7,2,0.6666666666666666,0.7725144994696385
900,50,female,oculus rift,46.61755802709512,9,5,0.8888888888888888,0.7769593004515853
901,50,other,playstation vr,11.796402001564031,6,3,0.5555555555555556,0.1966067000260672
902,42,male,playstation vr,51.76165915207558,5,2,0.4444444444444444,0.8626943192012597
903,30,other,oculus rift,48.19255093882354,8,3,0.7777777777777778,0.8032091823137256
904,46,male,oculus rift,32.986572072784774,6,2,0.5555555555555556,0.5497762012130796
905,48,other,oculus rift,29.87831887146513,1,3,0.0,0.4979719811910855
906,24,male,playstation vr,28.10443296970988,2,3,0.1111111111111111,0.46840721616183134
907,58,other,playstation vr,58.342074419165264,9,4,0.8888888888888888,0.9723679069860878
908,31,other,playstation vr,41.431063772155184,1,2,0.0,0.6905177295359197
909,27,other,playstation vr,46.2612761376425,6,3,0.5555555555555556,0.7710212689607083
910,30,other,playstation vr,53.94640157361121,9,4,0.8888888888888888,0.8991066928935202
911,41,other,oculus rift,30.75902215643183,4,1,0.3333333333333333,0.5126503692738639
912,45,male,oculus rift,24.34544522388505,4,4,0.3333333333333333,0.40575742039808416
913,38,male,playstation vr,16.533665387405787,6,4,0.5555555555555556,0.27556108979009647
914,42,other,htc vive,51.89897647514323,6,4,0.5555555555555556,0.8649829412523872
915,41,male,htc vive,13.947275571793067,10,2,1.0,0.2324545928632178
916,41,female,oculus rift,37.63148949365705,8,1,0.7777777777777778,0.6271914915609508
917,39,other,htc vive,40.95586649364776,10,2,1.0,0.6825977748941293
918,20,male,htc vive,44.67839570625579,3,1,0.2222222222222222,0.7446399284375965
919,18,female,oculus rift,59.98372315684714,6,5,0.5555555555555556,0.9997287192807857
920,20,female,playstation vr,11.525964687100595,3,2,0.2222222222222222,0.19209941145167658
921,40,male,oculus rift,29.05810966443277,5,2,0.4444444444444444,0.48430182774054614
922,20,female,htc vive,54.02594759623261,8,2,0.7777777777777778,0.9004324599372102
923,25,female,htc vive,53.73668494367946,3,1,0.2222222222222222,0.895611415727991
924,39,male,oculus rift,51.71214854058499,10,3,1.0,0.8618691423430832
925,47,other,playstation vr,51.73529881029173,6,3,0.5555555555555556,0.8622549801715288
926,34,female,playstation vr,55.5530243214555,5,3,0.4444444444444444,0.925883738690925
927,44,male,oculus rift,6.803921532615957,3,4,0.2222222222222222,0.11339869221026594
928,57,male,oculus rift,35.53080384276458,8,4,0.7777777777777778,0.5921800640460763
929,29,female,oculus rift,38.061565393137016,1,2,0.0,0.6343594232189502
930,44,other,htc vive,52.63597134096303,10,2,1.0,0.8772661890160506
931,39,other,htc vive,7.346031633503861,8,4,0.7777777777777778,0.12243386055839768
932,58,other,oculus rift,49.91761110653275,5,1,0.4444444444444444,0.8319601851088793
933,32,other,playstation vr,17.07993037835969,8,1,0.7777777777777778,0.28466550630599485
934,31,male,playstation vr,37.25407385485848,10,2,1.0,0.620901230914308
935,38,other,htc vive,22.81046542054064,3,2,0.2222222222222222,0.38017442367567733
936,27,other,oculus rift,28.6783836511968,7,5,0.6666666666666666,0.47797306085328
937,59,other,htc vive,48.22166527625436,9,2,0.8888888888888888,0.8036944212709061
938,56,male,oculus rift,12.153801867179176,10,3,1.0,0.20256336445298626
939,29,other,htc vive,29.039384843423324,5,3,0.4444444444444444,0.48398974739038875
940,31,female,playstation vr,34.25229952154068,6,5,0.5555555555555556,0.5708716586923447
941,33,other,oculus rift,35.95551372412183,3,2,0.2222222222222222,0.5992585620686971
942,36,female,oculus rift,11.180116191478,3,4,0.2222222222222222,0.18633526985796667
943,52,other,playstation vr,27.372853790717464,1,3,0.0,0.4562142298452911
944,24,male,playstation vr,15.605029429917511,3,3,0.2222222222222222,0.26008382383195855
945,46,male,playstation vr,8.293704646828658,1,2,0.0,0.13822841078047762
946,34,other,playstation vr,31.559834806429524,5,4,0.4444444444444444,0.5259972467738254
947,45,female,oculus rift,28.434502205395997,7,2,0.6666666666666666,0.4739083700899333
948,60,other,htc vive,39.26133437914534,7,4,0.6666666666666666,0.6543555729857556
949,25,female,htc vive,41.91381775856615,8,5,0.7777777777777778,0.6985636293094358
950,28,other,oculus rift,16.217646493937984,5,4,0.4444444444444444,0.2702941082322997
951,42,male,htc vive,9.511989949660697,10,1,1.0,0.15853316582767826
952,48,male,playstation vr,27.423726804216574,7,4,0.6666666666666666,0.4570621134036096
953,23,female,oculus rift,30.832381306554456,10,4,1.0,0.5138730217759077
954,25,female,playstation vr,35.420941579171874,9,4,0.8888888888888888,0.5903490263195312
955,27,male,htc vive,58.94651350294709,6,4,0.5555555555555556,0.9824418917157849
956,39,male,htc vive,53.99327447160268,9,4,0.8888888888888888,0.8998879078600447
957,60,other,htc vive,23.753867259642327,2,4,0.1111111111111111,0.39589778766070544
958,23,female,htc vive,20.34130558003552,7,3,0.6666666666666666,0.33902175966725867
959,28,other,oculus rift,23.48229138949994,10,4,1.0,0.39137152315833235
960,58,female,playstation vr,12.67175978071014,8,1,0.7777777777777778,0.211195996345169
961,34,male,htc vive,45.64198795221255,3,3,0.2222222222222222,0.7606997992035426
962,35,other,oculus rift,58.54076411338273,5,5,0.4444444444444444,0.9756794018897121
963,53,other,oculus rift,53.25425554298267,10,3,1.0,0.8875709257163779
964,42,female,playstation vr,19.29838382279861,6,3,0.5555555555555556,0.32163973037997684
965,46,male,htc vive,23.259075007733955,7,1,0.6666666666666666,0.3876512501288992
966,44,other,oculus rift,25.520362732838567,7,1,0.6666666666666666,0.42533937888064277
967,58,male,playstation vr,11.727410089178726,8,2,0.7777777777777778,0.19545683481964543
968,60,female,playstation vr,20.496223087001,3,2,0.2222222222222222,0.34160371811668333
969,27,other,htc vive,45.77294171798507,5,2,0.4444444444444444,0.7628823619664178
970,55,male,playstation vr,43.70629605070933,10,3,1.0,0.7284382675118221
971,50,female,playstation vr,42.90628288847849,7,2,0.6666666666666666,0.7151047148079749
972,52,other,htc vive,16.986300643468894,3,3,0.2222222222222222,0.2831050107244816
973,54,other,oculus rift,54.62019977792956,6,2,0.5555555555555556,0.9103366629654926
974,27,female,playstation vr,29.176282519619217,6,4,0.5555555555555556,0.48627137532698694
975,35,female,oculus rift,8.13473459034682,7,2,0.6666666666666666,0.13557890983911366
976,56,other,oculus rift,29.488855735415477,8,5,0.7777777777777778,0.4914809289235913
977,60,other,playstation vr,11.362185441139014,4,5,0.3333333333333333,0.1893697573523169
978,31,other,oculus rift,11.65504360235492,6,4,0.5555555555555556,0.19425072670591534
979,41,male,htc vive,44.78712414612767,5,5,0.4444444444444444,0.7464520691021278
980,57,male,htc vive,29.76788056685257,7,1,0.6666666666666666,0.4961313427808761
981,27,male,htc vive,47.28039750705753,2,4,0.1111111111111111,0.7880066251176255
982,53,female,playstation vr,43.51439789895336,6,2,0.5555555555555556,0.725239964982556
983,20,female,htc vive,57.16455298830793,10,4,1.0,0.9527425498051322
984,18,female,playstation vr,18.0802359053275,8,5,0.7777777777777778,0.30133726508879166
985,29,male,oculus rift,27.09497259161493,2,4,0.1111111111111111,0.4515828765269155
986,48,male,htc vive,10.55443006838203,8,5,0.7777777777777778,0.17590716780636717
987,23,male,oculus rift,30.40630713114149,9,4,0.8888888888888888,0.5067717855190248
988,25,female,oculus rift,32.548842901153755,6,1,0.5555555555555556,0.5424807150192292
989,42,female,oculus rift,28.632759594838877,5,4,0.4444444444444444,0.47721265991398126
990,56,male,playstation vr,23.102600724397465,8,2,0.7777777777777778,0.38504334540662444
991,33,female,htc vive,54.909283380886095,3,5,0.2222222222222222,0.9151547230147682
992,52,female,oculus rift,12.69381497800827,4,4,0.3333333333333333,0.2115635829668045
993,37,female,oculus rift,9.172770723739468,7,5,0.6666666666666666,0.15287951206232447
994,24,other,htc vive,48.770545235660656,8,3,0.7777777777777778,0.8128424205943443
995,24,other,htc vive,15.841157994206302,2,2,0.1111111111111111,0.26401929990343836
996,30,male,htc vive,14.656763281854438,9,2,0.8888888888888888,0.2442793880309073
997,57,other,oculus rift,25.172418951036995,7,5,0.6666666666666666,0.4195403158506166
998,35,other,playstation vr,37.57613859519163,7,2,0.6666666666666666,0.6262689765865271
999,52,male,playstation vr,27.567472819136697,7,2,0.6666666666666666,0.45945788031894497
1000,46,female,playstation vr,37.5111408704985,7,3,0.6666666666666666,0.625185681174975
